shard_path,sensor,split,label,class_name,ripeness,file_stem,day,cell_idx,cell_h,cell_w,n_bands
data_demo/shards/nir/test/nir_test_infested_ripe_d03_c33_000.npy,nir,test,0,Infested,Ripe,demo_000,3,33,24,24,224
data_demo/shards/nir/test/nir_test_infested_midripe_d04_c05_001.npy,nir,test,0,Infested,Midripe,demo_001,4,5,24,24,224
data_demo/shards/nir/test/nir_test_infested_midripe_d03_c06_002.npy,nir,test,0,Infested,Midripe,demo_002,3,6,24,24,224
data_demo/shards/nir/test/nir_test_infested_ripe_d06_c09_003.npy,nir,test,0,Infested,Ripe,demo_003,6,9,24,24,224
data_demo/shards/nir/test/nir_test_infested_midripe_d04_c15_004.npy,nir,test,0,Infested,Midripe,demo_004,4,15,24,24,224
data_demo/shards/nir/test/nir_test_infested_unripe_d06_c24_005.npy,nir,test,0,Infested,Unripe,demo_005,6,24,24,24,224
data_demo/shards/nir/test/nir_test_infested_ripe_d04_c14_006.npy,nir,test,0,Infested,Ripe,demo_006,4,14,24,24,224
data_demo/shards/nir/test/nir_test_infested_unripe_d01_c35_007.npy,nir,test,0,Infested,Unripe,demo_007,1,35,24,24,224
data_demo/shards/nir/test/nir_test_infested_midripe_d06_c12_008.npy,nir,test,0,Infested,Midripe,demo_008,6,12,24,24,224
data_demo/shards/nir/test/nir_test_infested_unripe_d02_c18_009.npy,nir,test,0,Infested,Unripe,demo_009,2,18,24,24,224
data_demo/shards/nir/test/nir_test_infested_unripe_d04_c05_010.npy,nir,test,0,Infested,Unripe,demo_010,4,5,24,24,224
data_demo/shards/nir/test/nir_test_infested_midripe_d01_c00_011.npy,nir,test,0,Infested,Midripe,demo_011,1,0,24,24,224
data_demo/shards/nir/test/nir_test_infested_ripe_d06_c24_012.npy,nir,test,0,Infested,Ripe,demo_012,6,24,24,24,224
data_demo/shards/nir/test/nir_test_infested_ripe_d01_c03_013.npy,nir,test,0,Infested,Ripe,demo_013,1,3,24,24,224
data_demo/shards/nir/test/nir_test_infested_ripe_d01_c19_014.npy,nir,test,0,Infested,Ripe,demo_014,1,19,24,24,224
data_demo/shards/nir/test/nir_test_infested_unripe_d05_c30_015.npy,nir,test,0,Infested,Unripe,demo_015,5,30,24,24,224
data_demo/shards/nir/test/nir_test_healthy_ripe_d03_c33_016.npy,nir,test,1,Healthy,Ripe,demo_016,3,33,24,24,224
data_demo/shards/nir/test/nir_test_healthy_ripe_d01_c31_017.npy,nir,test,1,Healthy,Ripe,demo_017,1,31,24,24,224
data_demo/shards/nir/test/nir_test_healthy_midripe_d05_c01_018.npy,nir,test,1,Healthy,Midripe,demo_018,5,1,24,24,224
data_demo/shards/nir/test/nir_test_healthy_unripe_d02_c26_019.npy,nir,test,1,Healthy,Unripe,demo_019,2,26,24,24,224
data_demo/shards/nir/test/nir_test_healthy_midripe_d01_c01_020.npy,nir,test,1,Healthy,Midripe,demo_020,1,1,24,24,224
data_demo/shards/nir/test/nir_test_healthy_midripe_d01_c35_021.npy,nir,test,1,Healthy,Midripe,demo_021,1,35,24,24,224
data_demo/shards/nir/test/nir_test_healthy_midripe_d06_c25_022.npy,nir,test,1,Healthy,Midripe,demo_022,6,25,24,24,224
data_demo/shards/nir/test/nir_test_healthy_unripe_d04_c27_023.npy,nir,test,1,Healthy,Unripe,demo_023,4,27,24,24,224
data_demo/shards/nir/test/nir_test_healthy_unripe_d06_c33_024.npy,nir,test,1,Healthy,Unripe,demo_024,6,33,24,24,224
data_demo/shards/nir/test/nir_test_healthy_unripe_d04_c31_025.npy,nir,test,1,Healthy,Unripe,demo_025,4,31,24,24,224
data_demo/shards/nir/test/nir_test_healthy_midripe_d03_c11_026.npy,nir,test,1,Healthy,Midripe,demo_026,3,11,24,24,224
data_demo/shards/nir/test/nir_test_healthy_unripe_d06_c22_027.npy,nir,test,1,Healthy,Unripe,demo_027,6,22,24,24,224
data_demo/shards/nir/test/nir_test_healthy_midripe_d06_c06_028.npy,nir,test,1,Healthy,Midripe,demo_028,6,6,24,24,224
data_demo/shards/nir/test/nir_test_healthy_unripe_d03_c27_029.npy,nir,test,1,Healthy,Unripe,demo_029,3,27,24,24,224
data_demo/shards/nir/test/nir_test_healthy_unripe_d01_c17_030.npy,nir,test,1,Healthy,Unripe,demo_030,1,17,24,24,224
data_demo/shards/nir/test/nir_test_healthy_midripe_d06_c29_031.npy,nir,test,1,Healthy,Midripe,demo_031,6,29,24,24,224
data_demo/shards/nir/train/nir_train_infested_ripe_d01_c01_032.npy,nir,train,0,Infested,Ripe,demo_032,1,1,24,24,224
data_demo/shards/nir/train/nir_train_infested_midripe_d01_c19_033.npy,nir,train,0,Infested,Midripe,demo_033,1,19,24,24,224
data_demo/shards/nir/train/nir_train_infested_unripe_d01_c34_034.npy,nir,train,0,Infested,Unripe,demo_034,1,34,24,24,224
data_demo/shards/nir/train/nir_train_infested_midripe_d06_c26_035.npy,nir,train,0,Infested,Midripe,demo_035,6,26,24,24,224
data_demo/shards/nir/train/nir_train_infested_ripe_d05_c12_036.npy,nir,train,0,Infested,Ripe,demo_036,5,12,24,24,224
data_demo/shards/nir/train/nir_train_infested_unripe_d01_c35_037.npy,nir,train,0,Infested,Unripe,demo_037,1,35,24,24,224
data_demo/shards/nir/train/nir_train_infested_ripe_d05_c26_038.npy,nir,train,0,Infested,Ripe,demo_038,5,26,24,24,224
data_demo/shards/nir/train/nir_train_infested_ripe_d04_c07_039.npy,nir,train,0,Infested,Ripe,demo_039,4,7,24,24,224
data_demo/shards/nir/train/nir_train_infested_midripe_d05_c03_040.npy,nir,train,0,Infested,Midripe,demo_040,5,3,24,24,224
data_demo/shards/nir/train/nir_train_infested_unripe_d06_c25_041.npy,nir,train,0,Infested,Unripe,demo_041,6,25,24,24,224
data_demo/shards/nir/train/nir_train_infested_unripe_d04_c35_042.npy,nir,train,0,Infested,Unripe,demo_042,4,35,24,24,224
data_demo/shards/nir/train/nir_train_infested_unripe_d02_c33_043.npy,nir,train,0,Infested,Unripe,demo_043,2,33,24,24,224
data_demo/shards/nir/train/nir_train_infested_midripe_d04_c32_044.npy,nir,train,0,Infested,Midripe,demo_044,4,32,24,24,224
data_demo/shards/nir/train/nir_train_infested_unripe_d06_c18_045.npy,nir,train,0,Infested,Unripe,demo_045,6,18,24,24,224
data_demo/shards/nir/train/nir_train_infested_ripe_d04_c12_046.npy,nir,train,0,Infested,Ripe,demo_046,4,12,24,24,224
data_demo/shards/nir/train/nir_train_infested_ripe_d05_c03_047.npy,nir,train,0,Infested,Ripe,demo_047,5,3,24,24,224
data_demo/shards/nir/train/nir_train_infested_unripe_d03_c31_048.npy,nir,train,0,Infested,Unripe,demo_048,3,31,24,24,224
data_demo/shards/nir/train/nir_train_infested_unripe_d03_c09_049.npy,nir,train,0,Infested,Unripe,demo_049,3,9,24,24,224
data_demo/shards/nir/train/nir_train_infested_ripe_d03_c27_050.npy,nir,train,0,Infested,Ripe,demo_050,3,27,24,24,224
data_demo/shards/nir/train/nir_train_infested_ripe_d06_c00_051.npy,nir,train,0,Infested,Ripe,demo_051,6,0,24,24,224
data_demo/shards/nir/train/nir_train_infested_midripe_d06_c24_052.npy,nir,train,0,Infested,Midripe,demo_052,6,24,24,24,224
data_demo/shards/nir/train/nir_train_infested_ripe_d03_c13_053.npy,nir,train,0,Infested,Ripe,demo_053,3,13,24,24,224
data_demo/shards/nir/train/nir_train_infested_midripe_d04_c11_054.npy,nir,train,0,Infested,Midripe,demo_054,4,11,24,24,224
data_demo/shards/nir/train/nir_train_infested_ripe_d02_c24_055.npy,nir,train,0,Infested,Ripe,demo_055,2,24,24,24,224
data_demo/shards/nir/train/nir_train_infested_midripe_d04_c35_056.npy,nir,train,0,Infested,Midripe,demo_056,4,35,24,24,224
data_demo/shards/nir/train/nir_train_infested_ripe_d03_c35_057.npy,nir,train,0,Infested,Ripe,demo_057,3,35,24,24,224
data_demo/shards/nir/train/nir_train_infested_midripe_d06_c03_058.npy,nir,train,0,Infested,Midripe,demo_058,6,3,24,24,224
data_demo/shards/nir/train/nir_train_infested_ripe_d05_c24_059.npy,nir,train,0,Infested,Ripe,demo_059,5,24,24,24,224
data_demo/shards/nir/train/nir_train_infested_ripe_d01_c29_060.npy,nir,train,0,Infested,Ripe,demo_060,1,29,24,24,224
data_demo/shards/nir/train/nir_train_infested_ripe_d04_c17_061.npy,nir,train,0,Infested,Ripe,demo_061,4,17,24,24,224
data_demo/shards/nir/train/nir_train_infested_ripe_d04_c27_062.npy,nir,train,0,Infested,Ripe,demo_062,4,27,24,24,224
data_demo/shards/nir/train/nir_train_infested_midripe_d05_c04_063.npy,nir,train,0,Infested,Midripe,demo_063,5,4,24,24,224
data_demo/shards/nir/train/nir_train_infested_ripe_d03_c31_064.npy,nir,train,0,Infested,Ripe,demo_064,3,31,24,24,224
data_demo/shards/nir/train/nir_train_infested_ripe_d06_c04_065.npy,nir,train,0,Infested,Ripe,demo_065,6,4,24,24,224
data_demo/shards/nir/train/nir_train_infested_ripe_d03_c01_066.npy,nir,train,0,Infested,Ripe,demo_066,3,1,24,24,224
data_demo/shards/nir/train/nir_train_infested_ripe_d06_c19_067.npy,nir,train,0,Infested,Ripe,demo_067,6,19,24,24,224
data_demo/shards/nir/train/nir_train_infested_ripe_d06_c11_068.npy,nir,train,0,Infested,Ripe,demo_068,6,11,24,24,224
data_demo/shards/nir/train/nir_train_infested_ripe_d01_c34_069.npy,nir,train,0,Infested,Ripe,demo_069,1,34,24,24,224
data_demo/shards/nir/train/nir_train_infested_midripe_d04_c10_070.npy,nir,train,0,Infested,Midripe,demo_070,4,10,24,24,224
data_demo/shards/nir/train/nir_train_infested_unripe_d02_c11_071.npy,nir,train,0,Infested,Unripe,demo_071,2,11,24,24,224
data_demo/shards/nir/train/nir_train_infested_ripe_d02_c19_072.npy,nir,train,0,Infested,Ripe,demo_072,2,19,24,24,224
data_demo/shards/nir/train/nir_train_infested_midripe_d05_c01_073.npy,nir,train,0,Infested,Midripe,demo_073,5,1,24,24,224
data_demo/shards/nir/train/nir_train_infested_ripe_d02_c22_074.npy,nir,train,0,Infested,Ripe,demo_074,2,22,24,24,224
data_demo/shards/nir/train/nir_train_infested_ripe_d03_c20_075.npy,nir,train,0,Infested,Ripe,demo_075,3,20,24,24,224
data_demo/shards/nir/train/nir_train_infested_unripe_d02_c21_076.npy,nir,train,0,Infested,Unripe,demo_076,2,21,24,24,224
data_demo/shards/nir/train/nir_train_infested_midripe_d05_c31_077.npy,nir,train,0,Infested,Midripe,demo_077,5,31,24,24,224
data_demo/shards/nir/train/nir_train_infested_midripe_d05_c22_078.npy,nir,train,0,Infested,Midripe,demo_078,5,22,24,24,224
data_demo/shards/nir/train/nir_train_infested_unripe_d04_c04_079.npy,nir,train,0,Infested,Unripe,demo_079,4,4,24,24,224
data_demo/shards/nir/train/nir_train_healthy_unripe_d01_c25_080.npy,nir,train,1,Healthy,Unripe,demo_080,1,25,24,24,224
data_demo/shards/nir/train/nir_train_healthy_ripe_d05_c08_081.npy,nir,train,1,Healthy,Ripe,demo_081,5,8,24,24,224
data_demo/shards/nir/train/nir_train_healthy_unripe_d01_c34_082.npy,nir,train,1,Healthy,Unripe,demo_082,1,34,24,24,224
data_demo/shards/nir/train/nir_train_healthy_ripe_d04_c23_083.npy,nir,train,1,Healthy,Ripe,demo_083,4,23,24,24,224
data_demo/shards/nir/train/nir_train_healthy_ripe_d01_c02_084.npy,nir,train,1,Healthy,Ripe,demo_084,1,2,24,24,224
data_demo/shards/nir/train/nir_train_healthy_ripe_d01_c15_085.npy,nir,train,1,Healthy,Ripe,demo_085,1,15,24,24,224
data_demo/shards/nir/train/nir_train_healthy_ripe_d06_c29_086.npy,nir,train,1,Healthy,Ripe,demo_086,6,29,24,24,224
data_demo/shards/nir/train/nir_train_healthy_midripe_d06_c32_087.npy,nir,train,1,Healthy,Midripe,demo_087,6,32,24,24,224
data_demo/shards/nir/train/nir_train_healthy_midripe_d03_c34_088.npy,nir,train,1,Healthy,Midripe,demo_088,3,34,24,24,224
data_demo/shards/nir/train/nir_train_healthy_unripe_d04_c05_089.npy,nir,train,1,Healthy,Unripe,demo_089,4,5,24,24,224
data_demo/shards/nir/train/nir_train_healthy_ripe_d04_c10_090.npy,nir,train,1,Healthy,Ripe,demo_090,4,10,24,24,224
data_demo/shards/nir/train/nir_train_healthy_unripe_d05_c04_091.npy,nir,train,1,Healthy,Unripe,demo_091,5,4,24,24,224
data_demo/shards/nir/train/nir_train_healthy_ripe_d03_c09_092.npy,nir,train,1,Healthy,Ripe,demo_092,3,9,24,24,224
data_demo/shards/nir/train/nir_train_healthy_ripe_d02_c28_093.npy,nir,train,1,Healthy,Ripe,demo_093,2,28,24,24,224
data_demo/shards/nir/train/nir_train_healthy_unripe_d01_c25_094.npy,nir,train,1,Healthy,Unripe,demo_094,1,25,24,24,224
data_demo/shards/nir/train/nir_train_healthy_ripe_d02_c28_095.npy,nir,train,1,Healthy,Ripe,demo_095,2,28,24,24,224
data_demo/shards/nir/train/nir_train_healthy_ripe_d03_c16_096.npy,nir,train,1,Healthy,Ripe,demo_096,3,16,24,24,224
data_demo/shards/nir/train/nir_train_healthy_unripe_d01_c30_097.npy,nir,train,1,Healthy,Unripe,demo_097,1,30,24,24,224
data_demo/shards/nir/train/nir_train_healthy_midripe_d01_c33_098.npy,nir,train,1,Healthy,Midripe,demo_098,1,33,24,24,224
data_demo/shards/nir/train/nir_train_healthy_midripe_d04_c27_099.npy,nir,train,1,Healthy,Midripe,demo_099,4,27,24,24,224
data_demo/shards/nir/train/nir_train_healthy_midripe_d04_c11_100.npy,nir,train,1,Healthy,Midripe,demo_100,4,11,24,24,224
data_demo/shards/nir/train/nir_train_healthy_unripe_d01_c15_101.npy,nir,train,1,Healthy,Unripe,demo_101,1,15,24,24,224
data_demo/shards/nir/train/nir_train_healthy_ripe_d03_c13_102.npy,nir,train,1,Healthy,Ripe,demo_102,3,13,24,24,224
data_demo/shards/nir/train/nir_train_healthy_unripe_d01_c33_103.npy,nir,train,1,Healthy,Unripe,demo_103,1,33,24,24,224
data_demo/shards/nir/train/nir_train_healthy_unripe_d06_c03_104.npy,nir,train,1,Healthy,Unripe,demo_104,6,3,24,24,224
data_demo/shards/nir/train/nir_train_healthy_unripe_d06_c13_105.npy,nir,train,1,Healthy,Unripe,demo_105,6,13,24,24,224
data_demo/shards/nir/train/nir_train_healthy_midripe_d06_c29_106.npy,nir,train,1,Healthy,Midripe,demo_106,6,29,24,24,224
data_demo/shards/nir/train/nir_train_healthy_ripe_d01_c28_107.npy,nir,train,1,Healthy,Ripe,demo_107,1,28,24,24,224
data_demo/shards/nir/train/nir_train_healthy_unripe_d02_c15_108.npy,nir,train,1,Healthy,Unripe,demo_108,2,15,24,24,224
data_demo/shards/nir/train/nir_train_healthy_midripe_d04_c28_109.npy,nir,train,1,Healthy,Midripe,demo_109,4,28,24,24,224
data_demo/shards/nir/train/nir_train_healthy_ripe_d03_c20_110.npy,nir,train,1,Healthy,Ripe,demo_110,3,20,24,24,224
data_demo/shards/nir/train/nir_train_healthy_unripe_d04_c02_111.npy,nir,train,1,Healthy,Unripe,demo_111,4,2,24,24,224
data_demo/shards/nir/train/nir_train_healthy_midripe_d02_c35_112.npy,nir,train,1,Healthy,Midripe,demo_112,2,35,24,24,224
data_demo/shards/nir/train/nir_train_healthy_midripe_d05_c30_113.npy,nir,train,1,Healthy,Midripe,demo_113,5,30,24,24,224
data_demo/shards/nir/train/nir_train_healthy_ripe_d03_c29_114.npy,nir,train,1,Healthy,Ripe,demo_114,3,29,24,24,224
data_demo/shards/nir/train/nir_train_healthy_ripe_d02_c30_115.npy,nir,train,1,Healthy,Ripe,demo_115,2,30,24,24,224
data_demo/shards/nir/train/nir_train_healthy_unripe_d05_c07_116.npy,nir,train,1,Healthy,Unripe,demo_116,5,7,24,24,224
data_demo/shards/nir/train/nir_train_healthy_unripe_d03_c14_117.npy,nir,train,1,Healthy,Unripe,demo_117,3,14,24,24,224
data_demo/shards/nir/train/nir_train_healthy_unripe_d01_c28_118.npy,nir,train,1,Healthy,Unripe,demo_118,1,28,24,24,224
data_demo/shards/nir/train/nir_train_healthy_unripe_d05_c31_119.npy,nir,train,1,Healthy,Unripe,demo_119,5,31,24,24,224
data_demo/shards/nir/train/nir_train_healthy_midripe_d02_c04_120.npy,nir,train,1,Healthy,Midripe,demo_120,2,4,24,24,224
data_demo/shards/nir/train/nir_train_healthy_unripe_d02_c34_121.npy,nir,train,1,Healthy,Unripe,demo_121,2,34,24,24,224
data_demo/shards/nir/train/nir_train_healthy_unripe_d01_c18_122.npy,nir,train,1,Healthy,Unripe,demo_122,1,18,24,24,224
data_demo/shards/nir/train/nir_train_healthy_midripe_d01_c31_123.npy,nir,train,1,Healthy,Midripe,demo_123,1,31,24,24,224
data_demo/shards/nir/train/nir_train_healthy_unripe_d06_c00_124.npy,nir,train,1,Healthy,Unripe,demo_124,6,0,24,24,224
data_demo/shards/nir/train/nir_train_healthy_unripe_d02_c07_125.npy,nir,train,1,Healthy,Unripe,demo_125,2,7,24,24,224
data_demo/shards/nir/train/nir_train_healthy_ripe_d01_c06_126.npy,nir,train,1,Healthy,Ripe,demo_126,1,6,24,24,224
data_demo/shards/nir/train/nir_train_healthy_midripe_d03_c13_127.npy,nir,train,1,Healthy,Midripe,demo_127,3,13,24,24,224
data_demo/shards/nir/val/nir_val_infested_midripe_d04_c26_128.npy,nir,val,0,Infested,Midripe,demo_128,4,26,24,24,224
data_demo/shards/nir/val/nir_val_infested_midripe_d02_c35_129.npy,nir,val,0,Infested,Midripe,demo_129,2,35,24,24,224
data_demo/shards/nir/val/nir_val_infested_unripe_d02_c06_130.npy,nir,val,0,Infested,Unripe,demo_130,2,6,24,24,224
data_demo/shards/nir/val/nir_val_infested_ripe_d01_c19_131.npy,nir,val,0,Infested,Ripe,demo_131,1,19,24,24,224
data_demo/shards/nir/val/nir_val_infested_unripe_d02_c19_132.npy,nir,val,0,Infested,Unripe,demo_132,2,19,24,24,224
data_demo/shards/nir/val/nir_val_infested_midripe_d05_c22_133.npy,nir,val,0,Infested,Midripe,demo_133,5,22,24,24,224
data_demo/shards/nir/val/nir_val_infested_ripe_d03_c03_134.npy,nir,val,0,Infested,Ripe,demo_134,3,3,24,24,224
data_demo/shards/nir/val/nir_val_infested_midripe_d06_c00_135.npy,nir,val,0,Infested,Midripe,demo_135,6,0,24,24,224
data_demo/shards/nir/val/nir_val_infested_ripe_d05_c32_136.npy,nir,val,0,Infested,Ripe,demo_136,5,32,24,24,224
data_demo/shards/nir/val/nir_val_infested_midripe_d05_c31_137.npy,nir,val,0,Infested,Midripe,demo_137,5,31,24,24,224
data_demo/shards/nir/val/nir_val_infested_unripe_d06_c35_138.npy,nir,val,0,Infested,Unripe,demo_138,6,35,24,24,224
data_demo/shards/nir/val/nir_val_infested_unripe_d04_c18_139.npy,nir,val,0,Infested,Unripe,demo_139,4,18,24,24,224
data_demo/shards/nir/val/nir_val_infested_unripe_d04_c17_140.npy,nir,val,0,Infested,Unripe,demo_140,4,17,24,24,224
data_demo/shards/nir/val/nir_val_infested_unripe_d06_c18_141.npy,nir,val,0,Infested,Unripe,demo_141,6,18,24,24,224
data_demo/shards/nir/val/nir_val_infested_ripe_d03_c04_142.npy,nir,val,0,Infested,Ripe,demo_142,3,4,24,24,224
data_demo/shards/nir/val/nir_val_infested_midripe_d01_c15_143.npy,nir,val,0,Infested,Midripe,demo_143,1,15,24,24,224
data_demo/shards/nir/val/nir_val_healthy_midripe_d01_c01_144.npy,nir,val,1,Healthy,Midripe,demo_144,1,1,24,24,224
data_demo/shards/nir/val/nir_val_healthy_ripe_d04_c29_145.npy,nir,val,1,Healthy,Ripe,demo_145,4,29,24,24,224
data_demo/shards/nir/val/nir_val_healthy_ripe_d06_c20_146.npy,nir,val,1,Healthy,Ripe,demo_146,6,20,24,24,224
data_demo/shards/nir/val/nir_val_healthy_ripe_d05_c12_147.npy,nir,val,1,Healthy,Ripe,demo_147,5,12,24,24,224
data_demo/shards/nir/val/nir_val_healthy_ripe_d06_c05_148.npy,nir,val,1,Healthy,Ripe,demo_148,6,5,24,24,224
data_demo/shards/nir/val/nir_val_healthy_ripe_d04_c22_149.npy,nir,val,1,Healthy,Ripe,demo_149,4,22,24,24,224
data_demo/shards/nir/val/nir_val_healthy_ripe_d06_c26_150.npy,nir,val,1,Healthy,Ripe,demo_150,6,26,24,24,224
data_demo/shards/nir/val/nir_val_healthy_midripe_d04_c12_151.npy,nir,val,1,Healthy,Midripe,demo_151,4,12,24,24,224
data_demo/shards/nir/val/nir_val_healthy_unripe_d01_c04_152.npy,nir,val,1,Healthy,Unripe,demo_152,1,4,24,24,224
data_demo/shards/nir/val/nir_val_healthy_unripe_d06_c04_153.npy,nir,val,1,Healthy,Unripe,demo_153,6,4,24,24,224
data_demo/shards/nir/val/nir_val_healthy_ripe_d03_c14_154.npy,nir,val,1,Healthy,Ripe,demo_154,3,14,24,24,224
data_demo/shards/nir/val/nir_val_healthy_unripe_d01_c04_155.npy,nir,val,1,Healthy,Unripe,demo_155,1,4,24,24,224
data_demo/shards/nir/val/nir_val_healthy_midripe_d04_c08_156.npy,nir,val,1,Healthy,Midripe,demo_156,4,8,24,24,224
data_demo/shards/nir/val/nir_val_healthy_midripe_d03_c23_157.npy,nir,val,1,Healthy,Midripe,demo_157,3,23,24,24,224
data_demo/shards/nir/val/nir_val_healthy_ripe_d05_c21_158.npy,nir,val,1,Healthy,Ripe,demo_158,5,21,24,24,224
data_demo/shards/nir/val/nir_val_healthy_unripe_d04_c20_159.npy,nir,val,1,Healthy,Unripe,demo_159,4,20,24,24,224
data_demo/shards/vnir/test/vnir_test_infested_ripe_d01_c18_160.npy,vnir,test,0,Infested,Ripe,demo_160,1,18,24,24,224
data_demo/shards/vnir/test/vnir_test_infested_midripe_d01_c27_161.npy,vnir,test,0,Infested,Midripe,demo_161,1,27,24,24,224
data_demo/shards/vnir/test/vnir_test_infested_unripe_d01_c05_162.npy,vnir,test,0,Infested,Unripe,demo_162,1,5,24,24,224
data_demo/shards/vnir/test/vnir_test_infested_midripe_d04_c10_163.npy,vnir,test,0,Infested,Midripe,demo_163,4,10,24,24,224
data_demo/shards/vnir/test/vnir_test_infested_midripe_d03_c27_164.npy,vnir,test,0,Infested,Midripe,demo_164,3,27,24,24,224
data_demo/shards/vnir/test/vnir_test_infested_midripe_d01_c20_165.npy,vnir,test,0,Infested,Midripe,demo_165,1,20,24,24,224
data_demo/shards/vnir/test/vnir_test_infested_unripe_d03_c27_166.npy,vnir,test,0,Infested,Unripe,demo_166,3,27,24,24,224
data_demo/shards/vnir/test/vnir_test_infested_unripe_d03_c02_167.npy,vnir,test,0,Infested,Unripe,demo_167,3,2,24,24,224
data_demo/shards/vnir/test/vnir_test_infested_ripe_d03_c17_168.npy,vnir,test,0,Infested,Ripe,demo_168,3,17,24,24,224
data_demo/shards/vnir/test/vnir_test_infested_ripe_d01_c19_169.npy,vnir,test,0,Infested,Ripe,demo_169,1,19,24,24,224
data_demo/shards/vnir/test/vnir_test_infested_midripe_d04_c35_170.npy,vnir,test,0,Infested,Midripe,demo_170,4,35,24,24,224
data_demo/shards/vnir/test/vnir_test_infested_unripe_d05_c29_171.npy,vnir,test,0,Infested,Unripe,demo_171,5,29,24,24,224
data_demo/shards/vnir/test/vnir_test_infested_ripe_d03_c07_172.npy,vnir,test,0,Infested,Ripe,demo_172,3,7,24,24,224
data_demo/shards/vnir/test/vnir_test_infested_ripe_d06_c29_173.npy,vnir,test,0,Infested,Ripe,demo_173,6,29,24,24,224
data_demo/shards/vnir/test/vnir_test_infested_ripe_d02_c19_174.npy,vnir,test,0,Infested,Ripe,demo_174,2,19,24,24,224
data_demo/shards/vnir/test/vnir_test_infested_ripe_d06_c01_175.npy,vnir,test,0,Infested,Ripe,demo_175,6,1,24,24,224
data_demo/shards/vnir/test/vnir_test_healthy_ripe_d04_c03_176.npy,vnir,test,1,Healthy,Ripe,demo_176,4,3,24,24,224
data_demo/shards/vnir/test/vnir_test_healthy_ripe_d06_c28_177.npy,vnir,test,1,Healthy,Ripe,demo_177,6,28,24,24,224
data_demo/shards/vnir/test/vnir_test_healthy_unripe_d06_c20_178.npy,vnir,test,1,Healthy,Unripe,demo_178,6,20,24,24,224
data_demo/shards/vnir/test/vnir_test_healthy_ripe_d01_c23_179.npy,vnir,test,1,Healthy,Ripe,demo_179,1,23,24,24,224
data_demo/shards/vnir/test/vnir_test_healthy_ripe_d06_c14_180.npy,vnir,test,1,Healthy,Ripe,demo_180,6,14,24,24,224
data_demo/shards/vnir/test/vnir_test_healthy_unripe_d05_c30_181.npy,vnir,test,1,Healthy,Unripe,demo_181,5,30,24,24,224
data_demo/shards/vnir/test/vnir_test_healthy_unripe_d03_c01_182.npy,vnir,test,1,Healthy,Unripe,demo_182,3,1,24,24,224
data_demo/shards/vnir/test/vnir_test_healthy_midripe_d06_c21_183.npy,vnir,test,1,Healthy,Midripe,demo_183,6,21,24,24,224
data_demo/shards/vnir/test/vnir_test_healthy_unripe_d05_c15_184.npy,vnir,test,1,Healthy,Unripe,demo_184,5,15,24,24,224
data_demo/shards/vnir/test/vnir_test_healthy_unripe_d05_c21_185.npy,vnir,test,1,Healthy,Unripe,demo_185,5,21,24,24,224
data_demo/shards/vnir/test/vnir_test_healthy_unripe_d06_c07_186.npy,vnir,test,1,Healthy,Unripe,demo_186,6,7,24,24,224
data_demo/shards/vnir/test/vnir_test_healthy_unripe_d05_c11_187.npy,vnir,test,1,Healthy,Unripe,demo_187,5,11,24,24,224
data_demo/shards/vnir/test/vnir_test_healthy_unripe_d04_c06_188.npy,vnir,test,1,Healthy,Unripe,demo_188,4,6,24,24,224
data_demo/shards/vnir/test/vnir_test_healthy_unripe_d02_c27_189.npy,vnir,test,1,Healthy,Unripe,demo_189,2,27,24,24,224
data_demo/shards/vnir/test/vnir_test_healthy_ripe_d01_c22_190.npy,vnir,test,1,Healthy,Ripe,demo_190,1,22,24,24,224
data_demo/shards/vnir/test/vnir_test_healthy_unripe_d02_c12_191.npy,vnir,test,1,Healthy,Unripe,demo_191,2,12,24,24,224
data_demo/shards/vnir/train/vnir_train_infested_midripe_d04_c03_192.npy,vnir,train,0,Infested,Midripe,demo_192,4,3,24,24,224
data_demo/shards/vnir/train/vnir_train_infested_midripe_d02_c27_193.npy,vnir,train,0,Infested,Midripe,demo_193,2,27,24,24,224
data_demo/shards/vnir/train/vnir_train_infested_ripe_d05_c11_194.npy,vnir,train,0,Infested,Ripe,demo_194,5,11,24,24,224
data_demo/shards/vnir/train/vnir_train_infested_unripe_d06_c25_195.npy,vnir,train,0,Infested,Unripe,demo_195,6,25,24,24,224
data_demo/shards/vnir/train/vnir_train_infested_unripe_d02_c07_196.npy,vnir,train,0,Infested,Unripe,demo_196,2,7,24,24,224
data_demo/shards/vnir/train/vnir_train_infested_ripe_d06_c06_197.npy,vnir,train,0,Infested,Ripe,demo_197,6,6,24,24,224
data_demo/shards/vnir/train/vnir_train_infested_midripe_d03_c11_198.npy,vnir,train,0,Infested,Midripe,demo_198,3,11,24,24,224
data_demo/shards/vnir/train/vnir_train_infested_unripe_d04_c32_199.npy,vnir,train,0,Infested,Unripe,demo_199,4,32,24,24,224
data_demo/shards/vnir/train/vnir_train_infested_ripe_d03_c29_200.npy,vnir,train,0,Infested,Ripe,demo_200,3,29,24,24,224
data_demo/shards/vnir/train/vnir_train_infested_ripe_d06_c31_201.npy,vnir,train,0,Infested,Ripe,demo_201,6,31,24,24,224
data_demo/shards/vnir/train/vnir_train_infested_ripe_d06_c01_202.npy,vnir,train,0,Infested,Ripe,demo_202,6,1,24,24,224
data_demo/shards/vnir/train/vnir_train_infested_unripe_d01_c29_203.npy,vnir,train,0,Infested,Unripe,demo_203,1,29,24,24,224
data_demo/shards/vnir/train/vnir_train_infested_midripe_d06_c11_204.npy,vnir,train,0,Infested,Midripe,demo_204,6,11,24,24,224
data_demo/shards/vnir/train/vnir_train_infested_unripe_d03_c22_205.npy,vnir,train,0,Infested,Unripe,demo_205,3,22,24,24,224
data_demo/shards/vnir/train/vnir_train_infested_midripe_d05_c19_206.npy,vnir,train,0,Infested,Midripe,demo_206,5,19,24,24,224
data_demo/shards/vnir/train/vnir_train_infested_midripe_d05_c01_207.npy,vnir,train,0,Infested,Midripe,demo_207,5,1,24,24,224
data_demo/shards/vnir/train/vnir_train_infested_ripe_d03_c04_208.npy,vnir,train,0,Infested,Ripe,demo_208,3,4,24,24,224
data_demo/shards/vnir/train/vnir_train_infested_ripe_d06_c29_209.npy,vnir,train,0,Infested,Ripe,demo_209,6,29,24,24,224
data_demo/shards/vnir/train/vnir_train_infested_ripe_d05_c21_210.npy,vnir,train,0,Infested,Ripe,demo_210,5,21,24,24,224
data_demo/shards/vnir/train/vnir_train_infested_ripe_d04_c22_211.npy,vnir,train,0,Infested,Ripe,demo_211,4,22,24,24,224
data_demo/shards/vnir/train/vnir_train_infested_unripe_d06_c16_212.npy,vnir,train,0,Infested,Unripe,demo_212,6,16,24,24,224
data_demo/shards/vnir/train/vnir_train_infested_unripe_d05_c05_213.npy,vnir,train,0,Infested,Unripe,demo_213,5,5,24,24,224
data_demo/shards/vnir/train/vnir_train_infested_ripe_d04_c16_214.npy,vnir,train,0,Infested,Ripe,demo_214,4,16,24,24,224
data_demo/shards/vnir/train/vnir_train_infested_midripe_d05_c23_215.npy,vnir,train,0,Infested,Midripe,demo_215,5,23,24,24,224
data_demo/shards/vnir/train/vnir_train_infested_midripe_d01_c09_216.npy,vnir,train,0,Infested,Midripe,demo_216,1,9,24,24,224
data_demo/shards/vnir/train/vnir_train_infested_ripe_d02_c09_217.npy,vnir,train,0,Infested,Ripe,demo_217,2,9,24,24,224
data_demo/shards/vnir/train/vnir_train_infested_unripe_d03_c07_218.npy,vnir,train,0,Infested,Unripe,demo_218,3,7,24,24,224
data_demo/shards/vnir/train/vnir_train_infested_midripe_d02_c22_219.npy,vnir,train,0,Infested,Midripe,demo_219,2,22,24,24,224
data_demo/shards/vnir/train/vnir_train_infested_unripe_d01_c03_220.npy,vnir,train,0,Infested,Unripe,demo_220,1,3,24,24,224
data_demo/shards/vnir/train/vnir_train_infested_midripe_d06_c34_221.npy,vnir,train,0,Infested,Midripe,demo_221,6,34,24,24,224
data_demo/shards/vnir/train/vnir_train_infested_midripe_d01_c30_222.npy,vnir,train,0,Infested,Midripe,demo_222,1,30,24,24,224
data_demo/shards/vnir/train/vnir_train_infested_unripe_d06_c05_223.npy,vnir,train,0,Infested,Unripe,demo_223,6,5,24,24,224
data_demo/shards/vnir/train/vnir_train_infested_ripe_d03_c20_224.npy,vnir,train,0,Infested,Ripe,demo_224,3,20,24,24,224
data_demo/shards/vnir/train/vnir_train_infested_unripe_d06_c12_225.npy,vnir,train,0,Infested,Unripe,demo_225,6,12,24,24,224
data_demo/shards/vnir/train/vnir_train_infested_unripe_d02_c22_226.npy,vnir,train,0,Infested,Unripe,demo_226,2,22,24,24,224
data_demo/shards/vnir/train/vnir_train_infested_midripe_d03_c04_227.npy,vnir,train,0,Infested,Midripe,demo_227,3,4,24,24,224
data_demo/shards/vnir/train/vnir_train_infested_ripe_d05_c31_228.npy,vnir,train,0,Infested,Ripe,demo_228,5,31,24,24,224
data_demo/shards/vnir/train/vnir_train_infested_midripe_d04_c02_229.npy,vnir,train,0,Infested,Midripe,demo_229,4,2,24,24,224
data_demo/shards/vnir/train/vnir_train_infested_unripe_d01_c18_230.npy,vnir,train,0,Infested,Unripe,demo_230,1,18,24,24,224
data_demo/shards/vnir/train/vnir_train_infested_unripe_d04_c08_231.npy,vnir,train,0,Infested,Unripe,demo_231,4,8,24,24,224
data_demo/shards/vnir/train/vnir_train_infested_unripe_d03_c18_232.npy,vnir,train,0,Infested,Unripe,demo_232,3,18,24,24,224
data_demo/shards/vnir/train/vnir_train_infested_midripe_d05_c22_233.npy,vnir,train,0,Infested,Midripe,demo_233,5,22,24,24,224
data_demo/shards/vnir/train/vnir_train_infested_midripe_d03_c07_234.npy,vnir,train,0,Infested,Midripe,demo_234,3,7,24,24,224
data_demo/shards/vnir/train/vnir_train_infested_unripe_d06_c01_235.npy,vnir,train,0,Infested,Unripe,demo_235,6,1,24,24,224
data_demo/shards/vnir/train/vnir_train_infested_midripe_d02_c21_236.npy,vnir,train,0,Infested,Midripe,demo_236,2,21,24,24,224
data_demo/shards/vnir/train/vnir_train_infested_unripe_d02_c09_237.npy,vnir,train,0,Infested,Unripe,demo_237,2,9,24,24,224
data_demo/shards/vnir/train/vnir_train_infested_unripe_d05_c21_238.npy,vnir,train,0,Infested,Unripe,demo_238,5,21,24,24,224
data_demo/shards/vnir/train/vnir_train_infested_ripe_d03_c29_239.npy,vnir,train,0,Infested,Ripe,demo_239,3,29,24,24,224
data_demo/shards/vnir/train/vnir_train_healthy_ripe_d04_c10_240.npy,vnir,train,1,Healthy,Ripe,demo_240,4,10,24,24,224
data_demo/shards/vnir/train/vnir_train_healthy_ripe_d04_c03_241.npy,vnir,train,1,Healthy,Ripe,demo_241,4,3,24,24,224
data_demo/shards/vnir/train/vnir_train_healthy_unripe_d05_c03_242.npy,vnir,train,1,Healthy,Unripe,demo_242,5,3,24,24,224
data_demo/shards/vnir/train/vnir_train_healthy_ripe_d05_c07_243.npy,vnir,train,1,Healthy,Ripe,demo_243,5,7,24,24,224
data_demo/shards/vnir/train/vnir_train_healthy_midripe_d04_c35_244.npy,vnir,train,1,Healthy,Midripe,demo_244,4,35,24,24,224
data_demo/shards/vnir/train/vnir_train_healthy_ripe_d03_c17_245.npy,vnir,train,1,Healthy,Ripe,demo_245,3,17,24,24,224
data_demo/shards/vnir/train/vnir_train_healthy_ripe_d05_c22_246.npy,vnir,train,1,Healthy,Ripe,demo_246,5,22,24,24,224
data_demo/shards/vnir/train/vnir_train_healthy_unripe_d01_c08_247.npy,vnir,train,1,Healthy,Unripe,demo_247,1,8,24,24,224
data_demo/shards/vnir/train/vnir_train_healthy_unripe_d02_c06_248.npy,vnir,train,1,Healthy,Unripe,demo_248,2,6,24,24,224
data_demo/shards/vnir/train/vnir_train_healthy_unripe_d02_c32_249.npy,vnir,train,1,Healthy,Unripe,demo_249,2,32,24,24,224
data_demo/shards/vnir/train/vnir_train_healthy_midripe_d04_c27_250.npy,vnir,train,1,Healthy,Midripe,demo_250,4,27,24,24,224
data_demo/shards/vnir/train/vnir_train_healthy_unripe_d05_c27_251.npy,vnir,train,1,Healthy,Unripe,demo_251,5,27,24,24,224
data_demo/shards/vnir/train/vnir_train_healthy_unripe_d03_c19_252.npy,vnir,train,1,Healthy,Unripe,demo_252,3,19,24,24,224
data_demo/shards/vnir/train/vnir_train_healthy_midripe_d03_c11_253.npy,vnir,train,1,Healthy,Midripe,demo_253,3,11,24,24,224
data_demo/shards/vnir/train/vnir_train_healthy_ripe_d06_c34_254.npy,vnir,train,1,Healthy,Ripe,demo_254,6,34,24,24,224
data_demo/shards/vnir/train/vnir_train_healthy_midripe_d04_c31_255.npy,vnir,train,1,Healthy,Midripe,demo_255,4,31,24,24,224
data_demo/shards/vnir/train/vnir_train_healthy_midripe_d05_c26_256.npy,vnir,train,1,Healthy,Midripe,demo_256,5,26,24,24,224
data_demo/shards/vnir/train/vnir_train_healthy_unripe_d06_c21_257.npy,vnir,train,1,Healthy,Unripe,demo_257,6,21,24,24,224
data_demo/shards/vnir/train/vnir_train_healthy_unripe_d04_c32_258.npy,vnir,train,1,Healthy,Unripe,demo_258,4,32,24,24,224
data_demo/shards/vnir/train/vnir_train_healthy_ripe_d04_c00_259.npy,vnir,train,1,Healthy,Ripe,demo_259,4,0,24,24,224
data_demo/shards/vnir/train/vnir_train_healthy_unripe_d03_c27_260.npy,vnir,train,1,Healthy,Unripe,demo_260,3,27,24,24,224
data_demo/shards/vnir/train/vnir_train_healthy_midripe_d03_c27_261.npy,vnir,train,1,Healthy,Midripe,demo_261,3,27,24,24,224
data_demo/shards/vnir/train/vnir_train_healthy_ripe_d01_c12_262.npy,vnir,train,1,Healthy,Ripe,demo_262,1,12,24,24,224
data_demo/shards/vnir/train/vnir_train_healthy_midripe_d06_c35_263.npy,vnir,train,1,Healthy,Midripe,demo_263,6,35,24,24,224
data_demo/shards/vnir/train/vnir_train_healthy_ripe_d01_c28_264.npy,vnir,train,1,Healthy,Ripe,demo_264,1,28,24,24,224
data_demo/shards/vnir/train/vnir_train_healthy_midripe_d01_c10_265.npy,vnir,train,1,Healthy,Midripe,demo_265,1,10,24,24,224
data_demo/shards/vnir/train/vnir_train_healthy_ripe_d02_c17_266.npy,vnir,train,1,Healthy,Ripe,demo_266,2,17,24,24,224
data_demo/shards/vnir/train/vnir_train_healthy_unripe_d03_c00_267.npy,vnir,train,1,Healthy,Unripe,demo_267,3,0,24,24,224
data_demo/shards/vnir/train/vnir_train_healthy_unripe_d06_c28_268.npy,vnir,train,1,Healthy,Unripe,demo_268,6,28,24,24,224
data_demo/shards/vnir/train/vnir_train_healthy_midripe_d05_c03_269.npy,vnir,train,1,Healthy,Midripe,demo_269,5,3,24,24,224
data_demo/shards/vnir/train/vnir_train_healthy_ripe_d01_c34_270.npy,vnir,train,1,Healthy,Ripe,demo_270,1,34,24,24,224
data_demo/shards/vnir/train/vnir_train_healthy_midripe_d05_c31_271.npy,vnir,train,1,Healthy,Midripe,demo_271,5,31,24,24,224
data_demo/shards/vnir/train/vnir_train_healthy_ripe_d01_c15_272.npy,vnir,train,1,Healthy,Ripe,demo_272,1,15,24,24,224
data_demo/shards/vnir/train/vnir_train_healthy_midripe_d02_c14_273.npy,vnir,train,1,Healthy,Midripe,demo_273,2,14,24,24,224
data_demo/shards/vnir/train/vnir_train_healthy_midripe_d05_c15_274.npy,vnir,train,1,Healthy,Midripe,demo_274,5,15,24,24,224
data_demo/shards/vnir/train/vnir_train_healthy_ripe_d03_c19_275.npy,vnir,train,1,Healthy,Ripe,demo_275,3,19,24,24,224
data_demo/shards/vnir/train/vnir_train_healthy_ripe_d01_c34_276.npy,vnir,train,1,Healthy,Ripe,demo_276,1,34,24,24,224
data_demo/shards/vnir/train/vnir_train_healthy_unripe_d06_c26_277.npy,vnir,train,1,Healthy,Unripe,demo_277,6,26,24,24,224
data_demo/shards/vnir/train/vnir_train_healthy_ripe_d02_c18_278.npy,vnir,train,1,Healthy,Ripe,demo_278,2,18,24,24,224
data_demo/shards/vnir/train/vnir_train_healthy_ripe_d05_c26_279.npy,vnir,train,1,Healthy,Ripe,demo_279,5,26,24,24,224
data_demo/shards/vnir/train/vnir_train_healthy_unripe_d03_c34_280.npy,vnir,train,1,Healthy,Unripe,demo_280,3,34,24,24,224
data_demo/shards/vnir/train/vnir_train_healthy_ripe_d01_c19_281.npy,vnir,train,1,Healthy,Ripe,demo_281,1,19,24,24,224
data_demo/shards/vnir/train/vnir_train_healthy_midripe_d01_c34_282.npy,vnir,train,1,Healthy,Midripe,demo_282,1,34,24,24,224
data_demo/shards/vnir/train/vnir_train_healthy_ripe_d06_c31_283.npy,vnir,train,1,Healthy,Ripe,demo_283,6,31,24,24,224
data_demo/shards/vnir/train/vnir_train_healthy_ripe_d02_c09_284.npy,vnir,train,1,Healthy,Ripe,demo_284,2,9,24,24,224
data_demo/shards/vnir/train/vnir_train_healthy_unripe_d01_c06_285.npy,vnir,train,1,Healthy,Unripe,demo_285,1,6,24,24,224
data_demo/shards/vnir/train/vnir_train_healthy_ripe_d05_c30_286.npy,vnir,train,1,Healthy,Ripe,demo_286,5,30,24,24,224
data_demo/shards/vnir/train/vnir_train_healthy_ripe_d03_c16_287.npy,vnir,train,1,Healthy,Ripe,demo_287,3,16,24,24,224
data_demo/shards/vnir/val/vnir_val_infested_ripe_d04_c33_288.npy,vnir,val,0,Infested,Ripe,demo_288,4,33,24,24,224
data_demo/shards/vnir/val/vnir_val_infested_unripe_d01_c03_289.npy,vnir,val,0,Infested,Unripe,demo_289,1,3,24,24,224
data_demo/shards/vnir/val/vnir_val_infested_midripe_d02_c24_290.npy,vnir,val,0,Infested,Midripe,demo_290,2,24,24,24,224
data_demo/shards/vnir/val/vnir_val_infested_ripe_d01_c01_291.npy,vnir,val,0,Infested,Ripe,demo_291,1,1,24,24,224
data_demo/shards/vnir/val/vnir_val_infested_ripe_d02_c20_292.npy,vnir,val,0,Infested,Ripe,demo_292,2,20,24,24,224
data_demo/shards/vnir/val/vnir_val_infested_midripe_d04_c25_293.npy,vnir,val,0,Infested,Midripe,demo_293,4,25,24,24,224
data_demo/shards/vnir/val/vnir_val_infested_midripe_d01_c06_294.npy,vnir,val,0,Infested,Midripe,demo_294,1,6,24,24,224
data_demo/shards/vnir/val/vnir_val_infested_ripe_d01_c20_295.npy,vnir,val,0,Infested,Ripe,demo_295,1,20,24,24,224
data_demo/shards/vnir/val/vnir_val_infested_ripe_d01_c24_296.npy,vnir,val,0,Infested,Ripe,demo_296,1,24,24,24,224
data_demo/shards/vnir/val/vnir_val_infested_unripe_d01_c21_297.npy,vnir,val,0,Infested,Unripe,demo_297,1,21,24,24,224
data_demo/shards/vnir/val/vnir_val_infested_ripe_d03_c32_298.npy,vnir,val,0,Infested,Ripe,demo_298,3,32,24,24,224
data_demo/shards/vnir/val/vnir_val_infested_midripe_d06_c01_299.npy,vnir,val,0,Infested,Midripe,demo_299,6,1,24,24,224
data_demo/shards/vnir/val/vnir_val_infested_midripe_d01_c24_300.npy,vnir,val,0,Infested,Midripe,demo_300,1,24,24,24,224
data_demo/shards/vnir/val/vnir_val_infested_ripe_d01_c14_301.npy,vnir,val,0,Infested,Ripe,demo_301,1,14,24,24,224
data_demo/shards/vnir/val/vnir_val_infested_ripe_d05_c09_302.npy,vnir,val,0,Infested,Ripe,demo_302,5,9,24,24,224
data_demo/shards/vnir/val/vnir_val_infested_midripe_d03_c34_303.npy,vnir,val,0,Infested,Midripe,demo_303,3,34,24,24,224
data_demo/shards/vnir/val/vnir_val_healthy_unripe_d05_c00_304.npy,vnir,val,1,Healthy,Unripe,demo_304,5,0,24,24,224
data_demo/shards/vnir/val/vnir_val_healthy_midripe_d05_c21_305.npy,vnir,val,1,Healthy,Midripe,demo_305,5,21,24,24,224
data_demo/shards/vnir/val/vnir_val_healthy_ripe_d06_c19_306.npy,vnir,val,1,Healthy,Ripe,demo_306,6,19,24,24,224
data_demo/shards/vnir/val/vnir_val_healthy_ripe_d04_c15_307.npy,vnir,val,1,Healthy,Ripe,demo_307,4,15,24,24,224
data_demo/shards/vnir/val/vnir_val_healthy_midripe_d02_c00_308.npy,vnir,val,1,Healthy,Midripe,demo_308,2,0,24,24,224
data_demo/shards/vnir/val/vnir_val_healthy_ripe_d04_c23_309.npy,vnir,val,1,Healthy,Ripe,demo_309,4,23,24,24,224
data_demo/shards/vnir/val/vnir_val_healthy_midripe_d02_c03_310.npy,vnir,val,1,Healthy,Midripe,demo_310,2,3,24,24,224
data_demo/shards/vnir/val/vnir_val_healthy_unripe_d06_c33_311.npy,vnir,val,1,Healthy,Unripe,demo_311,6,33,24,24,224
data_demo/shards/vnir/val/vnir_val_healthy_ripe_d04_c00_312.npy,vnir,val,1,Healthy,Ripe,demo_312,4,0,24,24,224
data_demo/shards/vnir/val/vnir_val_healthy_ripe_d02_c03_313.npy,vnir,val,1,Healthy,Ripe,demo_313,2,3,24,24,224
data_demo/shards/vnir/val/vnir_val_healthy_ripe_d03_c15_314.npy,vnir,val,1,Healthy,Ripe,demo_314,3,15,24,24,224
data_demo/shards/vnir/val/vnir_val_healthy_midripe_d03_c22_315.npy,vnir,val,1,Healthy,Midripe,demo_315,3,22,24,24,224
data_demo/shards/vnir/val/vnir_val_healthy_midripe_d02_c23_316.npy,vnir,val,1,Healthy,Midripe,demo_316,2,23,24,24,224
data_demo/shards/vnir/val/vnir_val_healthy_unripe_d03_c21_317.npy,vnir,val,1,Healthy,Unripe,demo_317,3,21,24,24,224
data_demo/shards/vnir/val/vnir_val_healthy_midripe_d04_c19_318.npy,vnir,val,1,Healthy,Midripe,demo_318,4,19,24,24,224
data_demo/shards/vnir/val/vnir_val_healthy_midripe_d05_c14_319.npy,vnir,val,1,Healthy,Midripe,demo_319,5,14,24,24,224
